customer_id,usage_gb,call_mins,complaints,plan_type,region,monthly_bill,predicted_monthly_bill
1001,11.65,543.0,2,Prepaid,Delhi,382.79,414.75
1002,8.75,508.0,0,Prepaid,Mumbai,342.66,319.62
1003,8.36,547.0,2,Postpaid,Kolkata,403.22,389.19
1004,8.36,439.0,1,Prepaid,Delhi,209.56,333.0
1005,17.95,359.0,2,Prepaid,Kolkata,369.4,424.17
1006,13.06,158.0,2,Postpaid,Mumbai,415.71,339.81
1007,7.45,320.0,0,Prepaid,Mumbai,231.35,267.03
1008,11.88,249.0,1,Prepaid,Kolkata,255.99,318.73
1009,10.42,611.0,0,Postpaid,Delhi,416.53,356.12
1010,3.27,329.0,0,Prepaid,Chennai,205.66,235.44
1011,5.61,365.0,4,Postpaid,Chennai,498.5,390.26
1012,10.76,416.0,0,Prepaid,Kolkata,190.08,315.16
1013,17.21,355.0,0,Prepaid,Mumbai,292.92,353.35
1014,8.39,553.0,0,Prepaid,Delhi,285.27,326.81
1015,7.17,275.0,0,Prepaid,Delhi,174.64,254.7
1016,9.82,373.0,0,Prepaid,Mumbai,321.41,297.97
1017,6.97,261.0,0,Postpaid,Chennai,301.54,249.95
1018,8.13,192.0,0,Prepaid,Delhi,200.79,243.82
1019,9.28,277.0,0,Prepaid,Kolkata,250.88,272.11
1020,5.47,346.0,0,Prepaid,Chennai,188.31,256.94
1021,13.36,298.0,3,Postpaid,Kolkata,401.62,405.58
1022,4.99,267.0,0,Prepaid,Chennai,175.17,235.38
1023,4.69,181.0,1,Prepaid,Mumbai,243.9,245.68
1024,10.21,340.0,0,Prepaid,Kolkata,235.2,293.71
1025,12.9,169.0,0,Prepaid,Kolkata,202.14,277.02
1026,10.09,441.0,0,Prepaid,Mumbai,304.95,315.38
1027,8.84,360.0,0,Postpaid,Kolkata,348.49,287.17
1028,8.09,175.0,0,Prepaid,Chennai,178.31,239.69
1029,7.48,313.0,1,Prepaid,Delhi,257.42,297.69
1030,14.69,260.0,0,Prepaid,Delhi,299.35,311.8
1031,10.8,388.0,1,Postpaid,Mumbai,508.27,341.19
1032,7.77,511.0,0,Prepaid,Chennai,296.45,312.41
1033,6.7,125.0,1,Prepaid,Kolkata,253.99,249.29
1034,12.23,364.0,0,Prepaid,Kolkata,249.4,315.33
1035,14.53,331.0,0,Prepaid,Delhi,240.41,326.42
1036,13.96,431.0,0,Prepaid,Kolkata,299.37,344.25
1037,6.16,376.0,1,Prepaid,Delhi,257.77,301.2
1038,8.06,260.0,0,Prepaid,Mumbai,172.34,258.49
1039,7.41,312.0,1,Prepaid,Kolkata,243.67,296.9
1040,8.55,254.0,0,Prepaid,Chennai,234.17,261.09
1041,13.3,479.0,1,Prepaid,Kolkata,345.62,381.69
1042,16.5,353.0,0,Prepaid,Delhi,321.77,347.19
1043,10.98,578.0,0,Postpaid,Mumbai,434.08,353.23
1044,6.81,343.0,0,Postpaid,Delhi,321.8,267.04
1045,9.18,265.0,0,Postpaid,Kolkata,324.88,268.62
1046,17.86,168.0,1,Postpaid,Delhi,377.52,348.66
1047,9.71,134.0,0,Postpaid,Delhi,394.87,243.52
1048,8.1,160.0,0,Postpaid,Mumbai,316.34,236.41
1049,8.42,382.0,1,Prepaid,Chennai,263.77,320.71
1050,10.96,411.0,1,Postpaid,Kolkata,381.73,347.63
1051,6.26,160.0,1,Prepaid,Mumbai,328.51,253.6
1052,7.33,457.0,0,Prepaid,Chennai,206.11,296.77
1053,13.87,292.0,3,Postpaid,Delhi,461.21,408.33
1054,10.83,368.0,0,Prepaid,Chennai,275.87,304.97
1055,9.76,543.0,0,Prepaid,Delhi,309.69,335.58
1056,14.18,458.0,1,Postpaid,Delhi,492.36,384.06
1057,6.62,318.0,0,Prepaid,Mumbai,287.86,259.91
1058,7.99,243.0,1,Prepaid,Delhi,261.77,286.11
1059,10.67,92.0,1,Postpaid,Mumbai,310.52,273.82
1060,10.51,264.0,0,Postpaid,Chennai,345.6,279.09
1061,4.46,325.0,0,Prepaid,Chennai,211.99,244.11
1062,7.63,232.0,1,Prepaid,Delhi,319.17,280.75
1063,8.65,334.0,0,Prepaid,Mumbai,179.09,279.82
1064,11.19,359.0,1,Postpaid,Delhi,458.42,337.83
1065,10.49,323.0,1,Prepaid,Mumbai,284.72,324.13
1066,9.02,272.0,0,Prepaid,Mumbai,259.07,268.9
1067,3.26,370.0,1,Prepaid,Mumbai,225.0,276.53
1068,9.22,403.0,1,Prepaid,Chennai,249.66,331.85
1069,9.6,219.0,1,Postpaid,Mumbai,399.63,293.67
1070,24.53,519.0,1,Prepaid,Chennai,455.22,480.94
1071,8.53,338.0,0,Postpaid,Mumbai,393.72,279.75
1072,10.7,352.0,0,Prepaid,Chennai,254.47,300.34
1073,15.19,435.0,0,Postpaid,Kolkata,403.53,355.04
1074,12.97,378.0,1,Postpaid,Chennai,366.01,356.4
1075,16.8,464.0,2,Prepaid,Chennai,418.97,438.45
1076,4.49,384.0,0,Prepaid,Delhi,228.68,257.58
1077,5.67,277.0,0,Prepaid,Mumbai,161.13,243.09
1078,7.09,393.0,1,Postpaid,Kolkata,362.78,312.48
1079,4.11,213.0,0,Prepaid,Delhi,155.81,216.2
1080,9.63,363.0,1,Postpaid,Mumbai,339.32,326.18
1081,5.9,346.0,1,Postpaid,Kolkata,332.69,292.38
1082,17.76,325.0,1,Postpaid,Kolkata,410.73,383.04
1083,6.34,335.0,0,Postpaid,Kolkata,320.22,261.47
1084,8.01,124.0,1,Prepaid,Mumbai,188.33,259.6
1085,13.31,284.0,0,Prepaid,Kolkata,197.2,306.08
1086,4.96,361.0,0,Prepaid,Kolkata,291.78,256.2
1087,3.97,369.0,2,Postpaid,Delhi,434.66,314.0
1088,10.15,227.0,1,Postpaid,Chennai,344.44,299.89
1089,10.5,502.0,0,Postpaid,Mumbai,414.3,332.34
1090,13.14,246.0,0,Prepaid,Chennai,270.02,296.2
1091,11.77,466.0,0,Prepaid,Delhi,334.0,334.49
1092,10.68,401.0,0,Postpaid,Chennai,351.9,311.16
1093,6.69,272.0,1,Prepaid,Kolkata,280.6,282.15
1094,10.37,563.0,0,Prepaid,Kolkata,272.64,344.97
1095,10.66,207.0,0,Postpaid,Mumbai,292.25,267.52
1096,6.57,460.0,0,Prepaid,Mumbai,272.53,291.33
1097,19.94,470.0,1,Prepaid,Mumbai,434.15,433.06
1098,11.53,270.0,0,Prepaid,Delhi,348.76,288.63
1099,5.72,517.0,1,Prepaid,Mumbai,230.17,329.25
1100,13.16,320.0,0,Postpaid,Delhi,416.24,312.94
1101,14.14,385.0,0,Prepaid,Kolkata,272.73,335.39
1102,11.23,381.0,2,Prepaid,Chennai,356.37,375.07
1103,8.31,334.0,0,Prepaid,Kolkata,173.46,277.09
1104,6.44,447.0,1,Postpaid,Kolkata,339.41,319.36
1105,9.0,445.0,0,Prepaid,Kolkata,228.97,307.51
1106,10.89,140.0,0,Prepaid,Mumbai,217.28,254.36
1107,9.39,507.0,0,Prepaid,Mumbai,249.88,324.54
1108,17.13,151.0,0,Prepaid,Mumbai,292.6,306.99
1109,12.31,474.0,2,Prepaid,Chennai,393.36,404.59
1110,6.1,485.0,0,Postpaid,Mumbai,388.78,293.15
1111,5.43,219.0,0,Postpaid,Delhi,370.99,228.16
1112,11.58,301.0,0,Prepaid,Kolkata,268.47,295.98
1113,8.4,217.0,1,Prepaid,Chennai,190.92,283.58
1114,12.77,324.0,1,Postpaid,Chennai,470.5,342.69
1115,11.53,313.0,0,Prepaid,Chennai,229.63,298.27
1116,9.02,444.0,0,Postpaid,Chennai,416.38,307.44
1117,6.13,507.0,0,Prepaid,Chennai,312.39,298.33
1118,4.2,517.0,0,Postpaid,Delhi,374.27,285.05
1119,10.29,283.0,1,Postpaid,Kolkata,328.07,313.56
1120,4.92,325.0,1,Postpaid,Chennai,316.63,279.8
1121,6.01,148.0,0,Postpaid,Kolkata,349.59,216.91
1122,10.01,253.0,0,Prepaid,Mumbai,222.92,272.6
1123,9.59,466.0,1,Postpaid,Chennai,422.1,348.94
1124,5.21,544.0,1,Prepaid,Chennai,309.83,331.2
1125,14.84,202.0,1,Prepaid,Kolkata,315.97,331.99
1126,14.67,279.0,1,Postpaid,Chennai,433.31,347.88
1127,11.74,347.0,1,Postpaid,Chennai,403.97,339.56
1128,11.73,384.0,0,Postpaid,Chennai,377.13,315.79
1129,11.74,253.0,0,Prepaid,Delhi,277.84,286.51
1130,37.84,401.0,1,Postpaid,Delhi,654.06,561.52
1131,14.09,293.0,1,Postpaid,Chennai,410.03,346.36
1132,12.44,348.0,0,Prepaid,Delhi,311.4,313.43
1133,6.38,416.0,0,Prepaid,Mumbai,228.08,279.94
1134,8.35,351.0,3,Prepaid,Chennai,291.93,377.17
1135,23.33,298.0,1,Prepaid,Mumbai,344.88,421.77
1136,3.37,337.0,0,Postpaid,Kolkata,274.21,238.04
1137,7.44,339.0,3,Postpaid,Mumbai,425.42,367.17
1138,14.87,306.0,0,Postpaid,Kolkata,448.51,323.56
1139,6.57,319.0,0,Postpaid,Chennai,303.16,259.73
1140,12.59,542.0,1,Prepaid,Kolkata,345.66,390.09
1141,9.53,417.0,1,Postpaid,Kolkata,382.37,337.48
1142,6.79,315.0,2,Prepaid,Mumbai,265.91,324.58
1143,3.03,434.0,0,Postpaid,Mumbai,269.64,257.04
1144,10.16,310.0,0,Prepaid,Mumbai,233.46,286.58
1145,6.31,491.0,0,Postpaid,Chennai,359.93,296.19
1146,8.85,394.0,0,Prepaid,Chennai,270.21,294.87
1147,11.69,337.0,0,Prepaid,Mumbai,268.85,304.93
1148,13.6,404.0,2,Postpaid,Chennai,420.66,399.28
1149,7.43,161.0,0,Prepaid,Chennai,234.01,231.24
1150,6.79,215.0,1,Postpaid,Kolkata,354.73,270.18
1151,4.88,207.0,0,Prepaid,Kolkata,187.38,221.05
1152,13.89,367.0,0,Postpaid,Mumbai,403.15,329.35
1153,21.83,558.0,1,Prepaid,Chennai,394.53,467.97
1154,14.54,618.0,1,Prepaid,Kolkata,377.63,422.8
1155,15.95,427.0,0,Prepaid,Delhi,331.02,359.35
1156,6.6,410.0,0,Prepaid,Chennai,163.92,280.37
1157,11.39,134.0,0,Prepaid,Delhi,195.37,257.03
1158,13.1,285.0,1,Prepaid,Mumbai,280.6,336.6
1159,1.17,255.0,1,Prepaid,Chennai,199.61,233.96
1160,5.57,275.0,3,Prepaid,Mumbai,336.29,337.79
1161,18.31,330.0,0,Prepaid,Mumbai,280.61,356.59
1162,4.42,293.0,0,Postpaid,Mumbai,293.04,236.62
1163,17.05,112.0,1,Prepaid,Mumbai,267.3,329.6
1164,4.4,440.0,0,Prepaid,Mumbai,190.14,269.4
1165,5.7,221.0,3,Postpaid,Chennai,384.91,326.73
1166,11.48,379.0,1,Prepaid,Delhi,327.47,344.64
1167,9.64,599.0,0,Postpaid,Chennai,373.77,347.16
1168,7.77,240.0,0,Prepaid,Chennai,226.27,251.68
1169,18.0,50.0,0,Prepaid,Chennai,184.92,291.35
1170,4.94,316.0,0,Prepaid,Kolkata,179.27,245.96
1171,8.69,482.0,1,Postpaid,Kolkata,401.74,345.29
1172,12.11,585.0,1,Postpaid,Chennai,529.87,395.87
1173,10.6,202.0,0,Prepaid,Delhi,213.21,265.92
1174,6.89,410.0,0,Prepaid,Chennai,148.07,282.7
1175,7.01,294.0,0,Postpaid,Mumbai,253.92,257.67
1176,13.51,337.0,1,Prepaid,Kolkata,305.84,351.55
1177,13.78,667.0,0,Prepaid,Kolkata,367.19,395.69
1178,10.72,170.0,0,Postpaid,Chennai,353.78,259.71
1179,6.19,380.0,0,Postpaid,Chennai,351.22,270.35
1180,7.12,406.0,1,Prepaid,Delhi,313.65,315.64
1181,9.24,480.0,1,Postpaid,Delhi,397.34,349.27
1182,9.85,362.0,2,Postpaid,Mumbai,466.0,359.71
1183,11.9,387.0,2,Prepaid,Chennai,266.32,381.8
1184,8.49,303.0,0,Prepaid,Chennai,191.32,271.59
1185,13.37,382.0,0,Prepaid,Chennai,210.08,328.53
1186,13.31,309.0,2,Postpaid,Kolkata,436.29,375.66
1187,16.19,425.0,1,Postpaid,Mumbai,461.67,392.82
1188,9.42,306.0,0,Prepaid,Delhi,240.12,279.74
1189,10.81,395.0,1,Postpaid,Kolkata,416.96,342.84
1190,8.78,346.0,0,Prepaid,Kolkata,201.34,283.55
1191,6.23,485.0,1,Prepaid,Kolkata,268.23,326.18
1192,21.61,344.0,0,Prepaid,Kolkata,280.78,386.26
1193,15.28,137.0,1,Prepaid,Mumbai,333.17,320.97
1194,13.19,501.0,0,Postpaid,Chennai,412.57,353.75
1195,9.28,241.0,0,Prepaid,Delhi,201.88,264.04
1196,5.97,272.0,1,Postpaid,Delhi,414.72,276.36
1197,14.21,279.0,3,Prepaid,Kolkata,308.79,408.15
1198,8.71,515.0,1,Prepaid,Kolkata,256.66,352.85
1199,11.23,94.0,0,Postpaid,Mumbai,283.79,246.78
1200,7.1,727.0,0,Prepaid,Kolkata,298.49,355.43
1201,10.43,477.0,0,Prepaid,Delhi,295.11,326.18
1202,7.31,377.0,1,Prepaid,Delhi,292.47,310.67
1203,7.44,343.0,0,Postpaid,Chennai,450.0,272.11
1204,10.37,384.0,1,Prepaid,Chennai,198.78,336.84
1205,4.37,413.0,1,Prepaid,Delhi,270.91,295.09
1206,4.48,427.0,2,Prepaid,Delhi,257.95,331.1
1207,6.56,417.0,0,Prepaid,Mumbai,211.42,281.61
1208,8.44,361.0,0,Postpaid,Mumbai,333.93,284.18
1209,13.55,326.0,1,Prepaid,Delhi,266.25,349.41
1210,8.66,332.0,0,Prepaid,Kolkata,302.06,279.45
1211,9.25,327.0,0,Prepaid,Chennai,272.09,283.08
1212,8.14,486.0,0,Prepaid,Delhi,262.25,309.78
1213,10.8,421.0,0,Postpaid,Kolkata,443.64,316.6
1214,6.2,50.0,1,Prepaid,Delhi,128.1,228.46
1215,8.87,429.0,0,Postpaid,Chennai,322.53,302.88
1216,11.18,373.0,2,Prepaid,Chennai,235.92,372.87
1217,10.34,348.0,0,Prepaid,Mumbai,223.34,296.55
1218,9.39,303.0,0,Postpaid,Mumbai,361.19,278.82
1219,9.44,485.0,1,Prepaid,Mumbai,305.63,351.99
1220,11.65,464.0,2,Postpaid,Mumbai,470.97,397.04
1221,22.07,257.0,0,Postpaid,Chennai,390.52,370.47
1222,6.4,399.0,0,Prepaid,Kolkata,262.13,276.29
1223,22.35,233.0,0,Prepaid,Kolkata,333.99,367.34
1224,6.26,184.0,0,Postpaid,Kolkata,335.2,226.99
1225,2.84,275.0,2,Prepaid,Delhi,161.01,283.85
1226,7.24,453.0,1,Prepaid,Mumbai,289.98,327.13
1227,10.89,464.0,0,Prepaid,Mumbai,231.41,326.96
1228,20.01,412.0,0,Prepaid,Chennai,325.59,388.64
1229,5.96,437.0,2,Postpaid,Chennai,435.45,345.24
1230,11.62,412.0,0,Prepaid,Delhi,278.0,321.18
1231,4.71,273.0,0,Prepaid,Delhi,157.22,234.47
1232,19.69,402.0,1,Postpaid,Kolkata,487.17,415.81
1233,15.41,446.0,2,Prepaid,Chennai,310.22,423.24
1234,7.45,441.0,0,Prepaid,Mumbai,292.81,294.15
1235,3.72,493.0,0,Postpaid,Kolkata,339.15,275.81
1236,16.49,435.0,0,Prepaid,Mumbai,362.66,365.49
1237,8.85,392.0,0,Postpaid,Kolkata,347.14,294.42
1238,15.77,478.0,0,Postpaid,Mumbai,419.82,369.34
1239,9.36,347.0,1,Prepaid,Delhi,242.71,320.43
1240,9.54,244.0,0,Prepaid,Kolkata,259.17,266.81
1241,7.52,330.0,0,Prepaid,Mumbai,196.78,269.84
1242,12.29,261.0,0,Prepaid,Mumbai,275.3,292.73
1243,9.86,269.0,0,Postpaid,Chennai,336.38,274.98
1244,11.74,333.0,1,Postpaid,Kolkata,330.48,336.43
1245,4.15,255.0,0,Prepaid,Mumbai,160.39,225.93
1246,16.01,313.0,0,Postpaid,Chennai,362.52,334.29
1247,17.77,123.0,1,Postpaid,Mumbai,417.12,337.85
1248,9.84,376.0,0,Postpaid,Kolkata,325.3,298.8
1249,21.37,350.0,0,Prepaid,Delhi,377.0,385.68
1250,19.16,252.0,2,Prepaid,Kolkata,359.04,409.92
1251,12.41,429.0,3,Prepaid,Kolkata,366.98,427.29
1252,16.58,463.0,1,Postpaid,Mumbai,500.48,404.47
1253,14.69,157.0,1,Prepaid,Mumbai,316.48,320.7
1254,3.61,258.0,1,Prepaid,Kolkata,208.68,254.25
1255,8.22,258.0,2,Prepaid,Chennai,245.51,323.3
1256,12.79,237.0,1,Prepaid,Chennai,207.76,323.35
1257,18.29,450.0,1,Prepaid,Chennai,337.88,415.31
1258,4.55,327.0,0,Postpaid,Mumbai,296.11,245.29
1259,3.74,318.0,1,Prepaid,Mumbai,226.8,268.74
1260,9.1,110.0,1,Prepaid,Kolkata,209.99,265.23
1261,2.95,426.0,0,Prepaid,Delhi,235.32,254.61
1262,8.95,201.0,0,Prepaid,Mumbai,186.28,252.43
1263,11.01,357.0,1,Prepaid,Kolkata,286.2,335.93
1264,5.83,383.0,0,Prepaid,Kolkata,269.6,268.13
1265,9.07,513.0,0,Prepaid,Delhi,287.83,323.31
1266,14.1,193.0,0,Prepaid,Chennai,248.0,292.04
1267,7.22,50.0,2,Prepaid,Kolkata,202.68,268.65
1268,6.31,372.0,1,Prepaid,Kolkata,228.55,301.51
1269,8.88,566.0,1,Postpaid,Kolkata,399.22,365.64
1270,5.54,499.0,1,Postpaid,Chennai,371.48,323.77
1271,20.66,375.0,1,Prepaid,Chennai,399.51,417.56
1272,9.49,291.0,1,Prepaid,Delhi,254.24,308.92
1273,6.62,447.0,1,Postpaid,Mumbai,337.37,320.8
1274,10.29,233.0,1,Prepaid,Chennai,328.65,302.36
1275,8.86,407.0,1,Postpaid,Mumbai,414.08,329.85
1276,8.41,411.0,1,Postpaid,Mumbai,342.2,327.13
1277,7.22,477.0,0,Prepaid,Chennai,234.49,300.37
1278,7.06,681.0,0,Prepaid,Kolkata,296.12,344.8
1279,4.2,397.0,0,Postpaid,Delhi,400.18,258.16
1280,16.57,289.0,0,Prepaid,Mumbai,245.04,333.42
1281,12.05,347.0,0,Prepaid,Kolkata,303.84,310.07
1282,10.74,138.0,0,Prepaid,Chennai,268.5,252.7
1283,8.79,267.0,2,Prepaid,Mumbai,257.57,329.9
1284,5.78,301.0,0,Postpaid,Mumbai,314.34,249.35
1285,6.43,287.0,0,Postpaid,Mumbai,286.39,251.44
1286,4.44,368.0,0,Postpaid,Kolkata,319.98,253.59
1287,6.81,251.0,1,Prepaid,Kolkata,232.22,278.41
1288,5.4,485.0,0,Prepaid,Kolkata,265.59,287.53
1289,18.68,350.0,0,Prepaid,Mumbai,362.05,364.05
1290,13.68,349.0,0,Prepaid,Mumbai,248.32,323.62
1291,9.67,311.0,2,Prepaid,Delhi,219.87,346.84
1292,6.08,369.0,0,Postpaid,Delhi,340.59,267.0
1293,5.53,449.0,2,Postpaid,Kolkata,424.78,344.47
1294,8.53,246.0,0,Prepaid,Kolkata,226.42,259.13
1295,13.93,271.0,0,Postpaid,Chennai,371.57,308.15
1296,4.5,314.0,1,Prepaid,Kolkata,232.79,273.95
1297,11.98,188.0,0,Prepaid,Delhi,293.06,273.88
1298,6.8,252.0,1,Postpaid,Delhi,369.07,278.55
1299,7.38,293.0,1,Prepaid,Delhi,231.71,292.41
1300,9.54,455.0,0,Postpaid,Mumbai,366.31,314.09
1301,6.18,382.0,1,Postpaid,Mumbai,368.05,302.7
1302,8.34,373.0,1,Prepaid,Kolkata,335.79,318.05
1303,5.94,452.0,0,Postpaid,Chennai,349.59,284.47
1304,7.06,334.0,1,Prepaid,Chennai,251.49,299.02
1305,12.99,397.0,1,Prepaid,Chennai,293.03,360.82
1306,9.77,338.0,1,Prepaid,Mumbai,318.72,321.71
1307,12.97,382.0,0,Prepaid,Delhi,357.55,325.31
1308,6.75,280.0,2,Postpaid,Delhi,407.02,316.41
1309,12.02,57.0,0,Prepaid,Mumbai,209.87,244.84
1310,3.92,334.0,2,Postpaid,Chennai,378.63,305.76
1311,9.54,521.0,0,Prepaid,Chennai,184.15,328.88
1312,12.37,461.0,0,Prepaid,Kolkata,319.97,338.19
1313,3.84,466.0,1,Postpaid,Kolkata,378.29,302.71
1314,6.79,498.0,0,Prepaid,Chennai,270.05,301.62
1315,9.54,361.0,1,Prepaid,Mumbai,249.06,325.01
1316,14.39,374.0,0,Prepaid,Chennai,273.54,334.94
1317,7.06,276.0,0,Prepaid,Kolkata,194.24,254.04
1318,11.81,312.0,0,Prepaid,Chennai,296.74,300.3
1319,17.05,424.0,0,Postpaid,Mumbai,425.05,367.53
1320,12.06,494.0,0,Prepaid,Delhi,377.59,343.09
1321,8.48,333.0,0,Prepaid,Mumbai,250.67,278.23
1322,11.03,296.0,1,Postpaid,Mumbai,345.41,322.43
1323,6.96,350.0,1,Prepaid,Kolkata,249.54,301.8
1324,9.71,422.0,0,Postpaid,Mumbai,355.01,308.06
1325,8.68,177.0,0,Prepaid,Mumbai,116.06,244.88
1326,10.87,74.0,0,Prepaid,Kolkata,264.74,239.41
1327,7.66,284.0,0,Postpaid,Kolkata,365.21,260.65
1328,11.14,204.0,1,Prepaid,Delhi,280.25,302.69
1329,7.63,289.0,0,Postpaid,Chennai,344.46,261.53
1330,13.63,332.0,0,Prepaid,Mumbai,219.16,319.41
1331,7.99,296.0,1,Prepaid,Kolkata,232.78,297.98
1332,3.01,524.0,1,Prepaid,Delhi,291.55,309.03
1333,5.62,389.0,2,Prepaid,Chennai,239.71,331.75
1334,9.41,386.0,0,Postpaid,Kolkata,270.21,297.58
1335,18.61,425.0,0,Prepaid,Chennai,323.8,380.29
1336,13.39,213.0,0,Postpaid,Chennai,363.05,290.82
1337,2.67,475.0,2,Postpaid,Mumbai,400.78,327.3
1338,4.29,341.0,1,Prepaid,Mumbai,260.66,278.32
1339,15.2,430.0,0,Prepaid,Kolkata,332.1,354.0
1340,12.34,221.0,1,Postpaid,Chennai,402.27,316.15
1341,22.98,164.0,1,Postpaid,Kolkata,513.46,388.93
1342,7.49,448.0,0,Prepaid,Kolkata,187.76,296.04
1343,6.12,395.0,1,Prepaid,Chennai,277.14,305.13
1344,9.65,242.0,3,Prepaid,Kolkata,339.66,363.2
1345,7.42,246.0,1,Postpaid,Chennai,307.98,282.19
1346,14.57,485.0,0,Prepaid,Chennai,252.45,361.26
1347,7.3,207.0,0,Postpaid,Chennai,288.96,240.51
1348,8.22,547.0,1,Prepaid,Chennai,277.7,356.08
1349,5.71,242.0,0,Prepaid,Delhi,223.22,235.56
1350,13.0,427.0,0,Prepaid,Chennai,263.82,335.64
1351,5.89,311.0,1,Prepaid,Mumbai,204.07,284.46
1352,11.24,422.0,0,Prepaid,Mumbai,248.85,320.36
1353,20.02,285.0,2,Prepaid,Mumbai,420.91,424.23
1354,3.56,330.0,1,Prepaid,Chennai,224.0,269.98
1355,17.4,355.0,0,Prepaid,Mumbai,302.03,354.88
1356,10.6,230.0,1,Prepaid,Delhi,255.4,304.18
1357,5.27,439.0,2,Postpaid,Kolkata,460.64,340.14
1358,9.81,288.0,0,Prepaid,Chennai,205.11,278.84
1359,12.83,323.0,1,Prepaid,Mumbai,348.86,342.95
1360,6.32,231.0,1,Prepaid,Delhi,234.18,269.99
1361,11.52,50.0,0,Postpaid,Kolkata,314.74,239.25
1362,18.05,327.0,3,Prepaid,Delhi,498.84,449.79
1363,7.29,640.0,1,Postpaid,Mumbai,393.09,369.44
1364,5.68,444.0,1,Postpaid,Delhi,369.09,312.57
1365,8.8,348.0,1,Postpaid,Kolkata,339.7,316.15
1366,9.58,318.0,0,Prepaid,Mumbai,277.34,283.71
1367,14.9,353.0,1,Postpaid,Kolkata,506.37,366.31
1368,8.67,416.0,1,Prepaid,Delhi,348.36,330.34
1369,7.61,208.0,1,Prepaid,Chennai,280.44,275.21
1370,5.61,484.0,0,Postpaid,Chennai,352.78,288.99
1371,3.85,436.0,0,Prepaid,Chennai,202.39,264.08
1372,4.8,436.0,0,Postpaid,Chennai,277.75,271.72
1373,4.78,403.0,1,Prepaid,Kolkata,329.27,296.15
1374,8.26,352.0,0,Postpaid,Chennai,374.24,280.72
1375,4.23,431.0,1,Prepaid,Kolkata,229.36,298.0
1376,9.1,421.0,0,Prepaid,Mumbai,309.12,302.93
1377,19.82,308.0,1,Prepaid,Chennai,310.25,395.79
1378,15.1,281.0,0,Postpaid,Kolkata,412.26,319.8
1379,8.22,362.0,0,Prepaid,Chennai,230.25,282.64
1380,25.45,536.0,0,Prepaid,Chennai,435.35,460.16
1381,9.59,201.0,0,Prepaid,Chennai,213.38,257.57
1382,10.22,174.0,0,Postpaid,Kolkata,277.52,256.59
1383,8.72,370.0,1,Prepaid,Delhi,275.78,320.43
1384,9.19,356.0,0,Prepaid,Chennai,285.67,289.09
1385,7.18,371.0,0,Prepaid,Chennai,229.47,276.29
1386,8.27,379.0,0,Prepaid,Mumbai,271.96,286.85
1387,17.46,323.0,2,Prepaid,Delhi,321.46,412.16
1388,15.82,529.0,1,Prepaid,Kolkata,360.31,413.15
1389,2.94,158.0,1,Postpaid,Mumbai,279.14,226.45
1390,4.48,251.0,0,Prepaid,Chennai,214.92,227.69
1391,6.36,338.0,0,Prepaid,Mumbai,218.74,262.3
1392,13.99,153.0,1,Prepaid,Mumbai,299.12,314.18
1393,15.98,329.0,1,Postpaid,Chennai,486.15,369.62
1394,12.81,549.0,0,Postpaid,Delhi,458.94,361.45
1395,5.26,353.0,1,Postpaid,Delhi,372.6,288.81
1396,7.25,378.0,0,Prepaid,Mumbai,192.67,278.42
1397,11.61,199.0,2,Prepaid,Chennai,291.57,337.34
1398,8.33,276.0,1,Prepaid,Kolkata,229.52,296.23
1399,7.81,305.0,1,Prepaid,Mumbai,238.72,298.55
1400,7.86,312.0,0,Prepaid,Kolkata,209.3,268.54
1401,15.29,504.0,0,Postpaid,Mumbai,402.92,371.3
1402,12.14,417.0,0,Postpaid,Mumbai,321.23,326.48
1403,8.06,217.0,1,Postpaid,Chennai,330.15,280.84
1404,10.81,380.0,1,Prepaid,Chennai,299.22,339.48
1405,4.9,410.0,1,Postpaid,Kolkata,316.27,298.68
1406,7.25,487.0,1,Prepaid,Kolkata,285.03,334.83
1407,14.64,540.0,0,Prepaid,Delhi,400.13,374.14
1408,4.09,228.0,0,Postpaid,Chennai,338.24,219.4
1409,12.2,253.0,0,Prepaid,Mumbai,312.94,290.21
1410,2.92,199.0,2,Prepaid,Mumbai,237.81,267.47
1411,18.75,322.0,0,Prepaid,Delhi,360.1,358.34
1412,7.17,406.0,0,Postpaid,Chennai,328.6,284.05
1413,11.17,468.0,2,Postpaid,Mumbai,436.19,394.08
1414,9.84,341.0,0,Prepaid,Delhi,136.35,290.96
1415,10.0,312.0,1,Postpaid,Delhi,438.85,317.73
1416,10.73,368.0,0,Prepaid,Mumbai,320.05,304.16
1417,3.72,250.0,0,Prepaid,Mumbai,156.63,221.36
1418,10.09,601.0,0,Postpaid,Kolkata,409.76,351.23
1419,8.56,157.0,2,Postpaid,Chennai,348.73,303.4
1420,7.19,372.0,0,Postpaid,Kolkata,366.23,276.6
1421,6.36,593.0,0,Prepaid,Delhi,313.48,319.45
1422,10.21,351.0,1,Postpaid,Mumbai,331.17,328.16
1423,5.71,327.0,1,Postpaid,Kolkata,376.46,286.6
1424,14.52,307.0,0,Postpaid,Delhi,385.49,320.97
1425,11.53,328.0,0,Prepaid,Chennai,261.38,301.63
1426,10.48,515.0,0,Postpaid,Mumbai,424.2,335.09
1427,14.26,85.0,0,Prepaid,Kolkata,222.55,269.13
1428,3.43,534.0,0,Prepaid,Chennai,229.1,282.67
1429,4.82,179.0,1,Prepaid,Kolkata,194.8,246.28
1430,11.75,318.0,0,Prepaid,Delhi,295.41,301.16
1431,6.54,298.0,2,Prepaid,Chennai,287.67,318.76
1432,6.93,421.0,1,Postpaid,Kolkata,397.46,317.47
1433,4.48,158.0,0,Prepaid,Chennai,115.6,206.85
1434,5.72,405.0,0,Postpaid,Delhi,330.62,272.17
1435,14.67,593.0,1,Prepaid,Chennai,400.91,418.25
1436,11.63,186.0,0,Prepaid,Kolkata,230.75,270.61
1437,10.15,373.0,0,Prepaid,Delhi,281.18,300.62
1438,7.06,271.0,1,Prepaid,Mumbai,310.34,284.9
1439,9.87,401.0,1,Prepaid,Kolkata,329.7,336.63
1440,15.23,352.0,1,Prepaid,Kolkata,324.97,368.74
1441,6.61,273.0,1,Prepaid,Delhi,216.04,281.73
1442,9.18,409.0,1,Prepaid,Delhi,182.1,332.87
1443,19.26,567.0,0,Prepaid,Mumbai,359.74,417.34
1444,12.74,327.0,0,Prepaid,Kolkata,253.28,311.14
1445,7.11,436.0,0,Prepaid,Delhi,258.69,290.29
1446,12.29,195.0,0,Postpaid,Mumbai,350.16,277.94
1447,4.06,235.0,1,Postpaid,Mumbai,315.66,252.71
1448,9.02,407.0,0,Postpaid,Delhi,301.38,299.15
1449,12.28,528.0,0,Prepaid,Kolkata,265.24,352.48
1450,11.07,393.0,1,Postpaid,Chennai,435.23,344.48
1451,12.23,312.0,0,Postpaid,Chennai,447.88,303.67
1452,13.42,350.0,1,Postpaid,Mumbai,422.46,353.74
1453,11.46,200.0,0,Prepaid,Chennai,243.79,272.38
1454,11.32,423.0,0,Postpaid,Chennai,432.26,321.23
1455,10.26,456.0,0,Postpaid,Delhi,359.84,320.1
1456,5.4,296.0,1,Prepaid,Mumbai,246.07,277.16
1457,14.66,294.0,0,Postpaid,Kolkata,365.46,319.18
1458,9.16,382.0,1,Prepaid,Mumbai,313.27,326.66
1459,12.6,298.0,0,Prepaid,Delhi,265.46,303.51
1460,14.0,342.0,0,Prepaid,Chennai,291.34,324.63
1461,7.28,602.0,1,Postpaid,Kolkata,396.34,360.85
1462,7.58,320.0,0,Prepaid,Mumbai,251.92,268.08
1463,8.06,307.0,2,Prepaid,Chennai,368.27,332.99
1464,15.88,272.0,1,Prepaid,Mumbai,270.12,356.04
1465,5.98,439.0,0,Prepaid,Kolkata,221.05,281.88
1466,17.08,328.0,1,Prepaid,Mumbai,340.5,378.24
1467,10.21,272.0,0,Postpaid,Mumbai,386.54,278.47
1468,10.54,509.0,1,Postpaid,Mumbai,412.74,366.22
1469,13.73,520.0,0,Prepaid,Chennai,199.52,362.35
1470,9.69,278.0,1,Prepaid,Kolkata,316.49,307.62
1471,14.74,126.0,0,Prepaid,Kolkata,272.54,282.17
1472,7.27,471.0,0,Postpaid,Chennai,301.64,299.42
1473,16.84,268.0,1,Prepaid,Chennai,293.02,362.87
1474,7.54,445.0,0,Prepaid,Chennai,311.05,295.77
1475,17.13,114.0,1,Prepaid,Delhi,346.75,330.69
1476,7.63,457.0,1,Postpaid,Mumbai,438.99,331.17
1477,8.17,205.0,0,Postpaid,Mumbai,318.32,247.05
1478,5.63,438.0,1,Postpaid,Kolkata,384.96,310.83
1479,6.39,352.0,0,Postpaid,Mumbai,335.28,265.68
1480,9.18,236.0,2,Prepaid,Delhi,324.77,326.09
1481,10.38,301.0,0,Prepaid,Chennai,207.21,286.33
1482,14.26,432.0,0,Prepaid,Kolkata,267.25,346.89
1483,8.44,363.0,0,Prepaid,Kolkata,279.53,284.63
1484,5.27,420.0,0,Prepaid,Mumbai,223.39,271.91
1485,11.08,587.0,2,Prepaid,Kolkata,420.18,420.02
1486,10.07,162.0,0,Prepaid,Chennai,185.1,252.69
1487,11.63,544.0,0,Postpaid,Kolkata,418.65,350.84
1488,6.84,363.0,0,Postpaid,Chennai,309.42,271.77
1489,7.22,242.0,1,Postpaid,Delhi,355.45,279.69
1490,6.84,190.0,0,Postpaid,Delhi,252.58,233.0
1491,15.47,327.0,1,Prepaid,Chennai,298.65,365.07
1492,16.91,461.0,1,Postpaid,Mumbai,419.03,406.68
1493,7.08,335.0,2,Prepaid,Kolkata,310.4,331.39
1494,7.14,531.0,1,Postpaid,Mumbai,440.98,343.81
1495,12.34,176.0,0,Prepaid,Kolkata,163.71,274.08
1496,17.74,349.0,1,Postpaid,Delhi,514.08,388.25
1497,19.44,200.0,0,Prepaid,Delhi,394.42,336.55
1498,6.93,394.0,0,Prepaid,Delhi,235.08,279.44
1499,7.76,456.0,0,Postpaid,Kolkata,346.64,300.0
1500,10.62,300.0,0,Prepaid,Delhi,356.93,288.04
1501,10.85,50.0,0,Postpaid,Delhi,263.04,233.87
1502,8.59,374.0,1,Postpaid,Delhi,393.32,320.29
1503,6.29,402.0,0,Postpaid,Delhi,356.9,276.08
1504,9.19,399.0,1,Postpaid,Mumbai,456.13,330.71
1505,19.43,498.0,1,Postpaid,Delhi,518.43,435.23
1506,7.27,221.0,0,Prepaid,Delhi,181.41,243.4
1507,10.33,432.0,1,Postpaid,Mumbai,379.99,347.27
1508,25.06,493.0,0,Postpaid,Mumbai,504.41,447.39
1509,7.22,137.0,1,Postpaid,Kolkata,293.88,256.16
1510,12.6,388.0,0,Prepaid,Chennai,279.31,323.68
1511,19.8,289.0,0,Postpaid,Delhi,412.63,359.39
1512,12.12,340.0,0,Postpaid,Delhi,324.2,309.06
1513,14.99,392.0,0,Postpaid,Delhi,467.53,343.79
1514,13.35,292.0,0,Prepaid,Kolkata,244.29,308.2
1515,11.7,269.0,1,Prepaid,Delhi,225.67,321.76
1516,16.67,354.0,2,Prepaid,Chennai,356.43,412.76
1517,12.43,220.0,1,Postpaid,Mumbai,395.17,316.65
1518,8.63,220.0,0,Postpaid,Kolkata,262.18,254.11
1519,9.98,432.0,1,Prepaid,Mumbai,308.51,344.46
1520,11.02,212.0,1,Prepaid,Delhi,217.67,303.52
1521,7.73,430.0,1,Prepaid,Delhi,345.28,325.92
1522,10.18,406.0,2,Prepaid,Delhi,342.6,372.23
1523,9.54,143.0,1,Postpaid,Chennai,337.92,276.16
1524,12.41,269.0,0,Postpaid,Chennai,342.27,295.49
1525,22.15,493.0,0,Prepaid,Kolkata,370.6,424.0
1526,10.45,232.0,1,Prepaid,Mumbai,283.51,303.42
1527,17.94,294.0,1,Prepaid,Delhi,330.3,377.54
1528,12.21,405.0,2,Postpaid,Delhi,448.99,388.32
1529,10.16,444.0,1,Prepaid,Delhi,301.41,348.6
1530,7.53,320.0,1,Prepaid,Delhi,229.09,299.66
1531,10.2,278.0,0,Prepaid,Chennai,222.47,279.73
1532,9.92,521.0,0,Postpaid,Mumbai,319.13,331.94
1533,6.62,559.0,1,Postpaid,Mumbai,452.71,345.9
1534,7.12,467.0,0,Postpaid,Kolkata,381.31,297.32
1535,11.06,360.0,1,Prepaid,Chennai,258.54,337.01
1536,17.86,253.0,0,Prepaid,Delhi,368.43,335.72
1537,9.05,250.0,0,Prepaid,Mumbai,224.88,264.21
1538,4.37,413.0,0,Postpaid,Mumbai,295.11,263.11
1539,2.69,400.0,0,Prepaid,Chennai,234.79,246.69
1540,5.58,518.0,2,Prepaid,Kolkata,323.16,360.34
1541,12.74,428.0,0,Postpaid,Kolkata,422.3,333.77
1542,4.82,170.0,1,Postpaid,Delhi,304.53,244.26
1543,13.63,476.0,1,Prepaid,Kolkata,351.26,383.67
1544,12.43,230.0,1,Prepaid,Mumbai,263.97,318.89
1545,8.91,304.0,0,Prepaid,Kolkata,253.32,275.19
1546,4.17,380.0,1,Postpaid,Delhi,282.16,286.09
1547,6.65,589.0,1,Postpaid,Mumbai,402.65,352.87
1548,8.33,723.0,1,Prepaid,Kolkata,409.13,396.4
1549,10.94,423.0,0,Prepaid,Kolkata,240.44,318.18
1550,4.9,328.0,0,Postpaid,Chennai,299.65,248.32
1551,17.06,414.0,1,Postpaid,Delhi,450.36,397.35
1552,10.89,457.0,0,Prepaid,Kolkata,228.93,325.39
1553,11.45,312.0,0,Prepaid,Chennai,164.67,297.4
1554,12.39,565.0,1,Prepaid,Mumbai,331.9,393.64
1555,16.33,378.0,0,Prepaid,Chennai,310.67,351.43
1556,10.21,410.0,0,Postpaid,Chennai,380.58,309.39
1557,12.74,430.0,0,Postpaid,Kolkata,401.12,334.22
1558,6.71,401.0,0,Postpaid,Kolkata,354.6,279.24
1559,19.48,451.0,0,Prepaid,Kolkata,385.95,393.12
1560,9.9,276.0,0,Postpaid,Chennai,345.78,276.87
1561,6.69,283.0,0,Prepaid,Mumbai,186.16,252.63
1562,7.54,218.0,0,Prepaid,Delhi,191.67,244.9
1563,3.32,403.0,0,Prepaid,Chennai,229.33,252.43
1564,7.51,443.0,0,Prepaid,Kolkata,304.16,295.08
1565,2.29,405.0,1,Postpaid,Delhi,323.19,276.58
1566,13.16,551.0,0,Prepaid,Mumbai,318.44,364.71
1567,11.29,349.0,0,Prepaid,Delhi,272.65,304.41
1568,5.75,430.0,0,Prepaid,Kolkata,191.3,278.02
1569,9.13,219.0,1,Prepaid,Chennai,246.66,289.89
1570,9.32,304.0,1,Prepaid,Chennai,205.73,310.47
1571,5.17,433.0,1,Prepaid,Kolkata,186.2,306.01
1572,8.41,452.0,0,Postpaid,Chennai,391.35,304.33
1573,9.45,315.0,0,Prepaid,Kolkata,222.25,281.99
1574,8.31,341.0,0,Prepaid,Chennai,241.77,278.65
1575,6.69,168.0,0,Prepaid,Chennai,185.4,226.86
1576,5.64,307.0,1,Postpaid,Chennai,316.46,281.55
1577,8.17,457.0,2,Prepaid,Mumbai,313.95,367.49
1578,7.08,419.0,0,Prepaid,Mumbai,190.12,286.24
1579,12.03,410.0,0,Prepaid,Kolkata,332.88,324.03
1580,16.78,356.0,0,Prepaid,Mumbai,250.2,350.12
1581,13.93,351.0,0,Prepaid,Kolkata,272.81,326.08
1582,9.59,271.0,0,Postpaid,Delhi,308.23,273.26
1583,6.81,434.0,0,Postpaid,Delhi,383.1,287.43
1584,13.76,401.0,0,Prepaid,Mumbai,276.02,335.92
1585,12.36,409.0,3,Postpaid,Delhi,468.93,422.41
1586,16.26,287.0,0,Postpaid,Delhi,440.61,330.47
1587,10.21,92.0,1,Prepaid,Chennai,230.26,270.12
1588,19.02,482.0,0,Prepaid,Chennai,368.23,396.36
1589,10.21,293.0,1,Prepaid,Kolkata,230.03,315.16
1590,6.79,246.0,0,Prepaid,Delhi,146.33,245.14
1591,7.39,433.0,0,Postpaid,Kolkata,369.01,291.87
1592,11.78,303.0,0,Postpaid,Kolkata,361.09,298.04
1593,7.07,477.0,0,Postpaid,Delhi,396.02,299.16
1594,18.96,424.0,0,Postpaid,Mumbai,452.28,382.88
1595,11.35,432.0,0,Prepaid,Delhi,284.4,323.49
1596,9.5,186.0,0,Prepaid,Chennai,147.26,253.49
1597,9.86,495.0,2,Postpaid,Delhi,532.42,389.6
1598,8.26,381.0,0,Prepaid,Mumbai,234.71,287.22
1599,3.82,306.0,0,Postpaid,Kolkata,338.66,234.71
1600,7.4,367.0,0,Postpaid,Kolkata,318.16,277.16
1601,17.92,137.0,0,Postpaid,Chennai,402.08,310.21
1602,10.34,399.0,0,Postpaid,Chennai,329.41,307.97
1603,14.63,226.0,1,Prepaid,Chennai,309.32,335.68
1604,14.81,188.0,0,Postpaid,Kolkata,360.84,296.63
1605,9.17,167.0,0,Postpaid,Chennai,326.93,246.58
1606,12.44,484.0,1,Prepaid,Delhi,353.24,375.89
1607,4.04,274.0,0,Postpaid,Kolkata,256.82,229.31
1608,17.28,534.0,0,Prepaid,Mumbai,316.66,394.03
1609,16.66,286.0,2,Postpaid,Kolkata,487.77,397.44
1610,11.63,145.0,2,Prepaid,Delhi,364.97,325.4
1611,10.51,216.0,0,Prepaid,Delhi,220.76,268.33
1612,9.22,498.0,0,Prepaid,Chennai,296.01,321.15
1613,15.37,331.0,1,Postpaid,Kolkata,433.88,365.16
1614,13.08,284.0,1,Prepaid,Kolkata,368.13,336.22
1615,1.64,369.0,1,Prepaid,Kolkata,146.03,263.28
1616,7.85,410.0,1,Prepaid,Mumbai,277.58,322.4
1617,5.28,484.0,2,Postpaid,Chennai,353.02,350.31
1618,4.78,524.0,1,Prepaid,Delhi,171.78,323.27
1619,15.3,307.0,0,Prepaid,Delhi,294.7,327.24
1620,9.13,191.0,0,Postpaid,Chennai,335.82,251.63
1621,11.55,300.0,0,Prepaid,Delhi,240.01,295.52
1622,9.67,381.0,0,Postpaid,Delhi,368.31,298.55
1623,4.82,234.0,1,Prepaid,Chennai,338.29,258.6
1624,4.09,235.0,1,Postpaid,Delhi,318.39,252.96
1625,7.6,391.0,0,Prepaid,Kolkata,258.4,284.15
1626,7.91,344.0,0,Prepaid,Mumbai,205.11,276.11
1627,7.9,354.0,4,Postpaid,Chennai,484.81,406.21
1628,8.01,259.0,0,Prepaid,Mumbai,205.35,257.87
1629,21.49,322.0,1,Postpaid,Delhi,468.9,412.35
1630,14.53,239.0,0,Prepaid,Delhi,335.8,305.81
1631,10.4,457.0,0,Prepaid,Kolkata,320.69,321.45
1632,9.03,474.0,1,Prepaid,Chennai,301.51,346.23
1633,9.17,128.0,0,Postpaid,Delhi,225.79,237.84
1634,12.87,238.0,0,Prepaid,Chennai,235.12,292.24
1635,8.99,170.0,1,Prepaid,Chennai,343.04,277.79
1636,13.88,272.0,0,Prepaid,Chennai,255.21,307.98
1637,10.91,340.0,1,Prepaid,Chennai,328.41,331.32
1638,21.58,176.0,0,Prepaid,Chennai,364.52,348.38
1639,8.74,239.0,1,Postpaid,Mumbai,375.48,291.24
1640,14.99,230.0,0,Prepaid,Kolkata,231.25,307.49
1641,5.52,375.0,1,Postpaid,Chennai,270.75,295.83
1642,6.89,358.0,2,Prepaid,Mumbai,313.09,335.02
1643,20.29,263.0,0,Postpaid,Delhi,401.33,357.5
1644,13.62,371.0,0,Postpaid,Chennai,409.21,328.07
1645,11.64,284.0,0,Prepaid,Delhi,198.93,292.66
1646,24.04,317.0,0,Postpaid,Chennai,464.11,399.75
1647,9.09,551.0,1,Prepaid,Mumbai,313.27,363.97
1648,14.97,511.0,0,Postpaid,Mumbai,451.7,370.3
1649,15.46,194.0,0,Postpaid,Mumbai,336.89,303.2
1650,18.32,450.0,0,Prepaid,Kolkata,383.44,383.56
1651,5.2,447.0,0,Prepaid,Delhi,206.12,277.4
1652,9.06,212.0,1,Prepaid,Kolkata,176.9,287.76
1653,10.83,448.0,2,Prepaid,Chennai,330.88,386.86
1654,18.19,535.0,0,Prepaid,Delhi,352.9,401.57
1655,11.43,215.0,0,Prepaid,Mumbai,239.86,275.5
1656,15.47,240.0,1,Prepaid,Delhi,355.25,345.58
1657,4.97,472.0,0,Postpaid,Mumbai,343.7,281.16
1658,8.11,383.0,0,Prepaid,Kolkata,235.7,286.46
1659,16.63,416.0,1,Prepaid,Kolkata,301.11,394.34
1660,8.61,391.0,0,Postpaid,Mumbai,398.9,292.27
1661,9.4,397.0,1,Prepaid,Mumbai,290.97,331.95
1662,18.06,191.0,1,Prepaid,Chennai,294.88,355.42
1663,6.13,476.0,1,Prepaid,Kolkata,197.05,323.36
1664,6.84,490.0,2,Postpaid,Kolkata,489.5,364.19
1665,4.7,322.0,0,Postpaid,Chennai,271.89,245.37
1666,18.38,345.0,0,Prepaid,Kolkata,291.39,360.52
1667,14.41,166.0,0,Postpaid,Mumbai,381.81,288.48
1668,14.25,412.0,0,Prepaid,Delhi,247.54,342.32
1669,8.0,419.0,0,Postpaid,Delhi,307.06,293.64
1670,4.52,343.0,1,Postpaid,Kolkata,268.8,280.61
1671,3.88,485.0,0,Postpaid,Chennai,375.88,275.3
1672,16.68,310.0,1,Prepaid,Mumbai,302.63,370.99
1673,11.99,418.0,0,Prepaid,Delhi,395.61,325.5
1674,13.01,228.0,0,Prepaid,Mumbai,208.91,291.12
1675,10.6,347.0,0,Postpaid,Kolkata,336.34,298.41
1676,6.44,329.0,0,Prepaid,Kolkata,193.7,260.93
1677,8.17,377.0,0,Postpaid,Delhi,369.49,285.6
1678,5.68,306.0,0,Postpaid,Kolkata,306.83,249.67
1679,5.33,334.0,1,Prepaid,Chennai,262.93,285.11
1680,13.89,449.0,1,Postpaid,Kolkata,410.78,379.71
1681,4.06,298.0,2,Postpaid,Kolkata,315.82,298.82
1682,5.7,157.0,0,Postpaid,Kolkata,224.07,216.44
1683,8.4,560.0,1,Postpaid,Mumbai,339.26,360.44
1684,9.8,516.0,1,Postpaid,Mumbai,409.88,361.84
1685,4.67,195.0,3,Prepaid,Delhi,253.32,312.62
1686,4.0,433.0,0,Postpaid,Delhi,312.34,264.62
1687,11.37,290.0,1,Prepaid,Delhi,327.7,323.81
1688,10.33,382.0,0,Postpaid,Kolkata,427.16,304.08
1689,16.55,385.0,1,Postpaid,Mumbai,445.01,386.75
1690,9.87,322.0,0,Prepaid,Chennai,170.6,286.94
1691,11.88,256.0,0,Postpaid,Kolkata,342.57,288.31
1692,6.62,267.0,1,Prepaid,Kolkata,211.37,280.47
1693,6.75,240.0,1,Prepaid,Kolkata,204.71,275.46
1694,4.92,250.0,2,Prepaid,Chennai,220.45,294.97
1695,6.65,342.0,0,Postpaid,Delhi,314.46,265.53
1696,8.12,264.0,0,Postpaid,Chennai,321.3,259.87
1697,15.83,432.0,3,Postpaid,Delhi,496.62,455.47
1698,6.17,528.0,2,Prepaid,Chennai,322.29,367.32
1699,22.01,280.0,1,Postpaid,Mumbai,495.49,407.12
1700,12.35,379.0,0,Postpaid,Kolkata,357.17,319.65
1701,11.24,410.0,1,Prepaid,Kolkata,351.76,349.66
1702,9.52,407.0,1,Prepaid,Kolkata,247.36,335.16
1703,8.71,359.0,0,Prepaid,Delhi,175.77,285.9
1704,7.13,439.0,0,Postpaid,Chennai,379.07,291.13
1705,4.58,408.0,0,Postpaid,Mumbai,304.54,263.68
1706,6.27,201.0,1,Postpaid,Chennai,352.21,262.86
1707,18.36,454.0,0,Prepaid,Kolkata,240.53,384.78
1708,12.01,456.0,0,Postpaid,Mumbai,461.98,334.17
1709,18.28,258.0,0,Prepaid,Mumbai,323.73,340.22
1710,7.04,355.0,0,Prepaid,Kolkata,166.3,271.58
1711,5.6,432.0,2,Postpaid,Chennai,351.05,341.23
1712,9.48,325.0,3,Prepaid,Kolkata,396.73,380.43
1713,6.39,479.0,1,Postpaid,Chennai,366.42,326.13
1714,10.38,634.0,0,Prepaid,Mumbai,275.47,360.96
1715,4.1,256.0,0,Postpaid,Mumbai,212.36,225.76
1716,3.1,184.0,0,Prepaid,Kolkata,146.57,201.58
1717,11.04,386.0,0,Prepaid,Mumbai,255.41,310.69
1718,18.59,437.0,0,Prepaid,Delhi,363.74,382.82
1719,11.26,322.0,0,Prepaid,Mumbai,197.52,298.12
1720,11.96,524.0,2,Postpaid,Delhi,418.67,412.98
1721,9.67,189.0,3,Prepaid,Mumbai,322.2,351.48
1722,10.08,433.0,2,Postpaid,Kolkata,486.51,377.47
1723,4.46,277.0,0,Postpaid,Kolkata,247.23,233.36
1724,6.5,556.0,0,Prepaid,Delhi,305.46,312.28
1725,15.76,589.0,1,Prepaid,Kolkata,374.38,426.12
1726,5.36,258.0,0,Postpaid,Mumbai,357.15,236.34
1727,8.03,284.0,0,Postpaid,Mumbai,337.23,263.63
1728,15.62,453.0,2,Postpaid,Kolkata,393.67,426.5
1729,9.96,304.0,1,Prepaid,Mumbai,263.4,315.61
1730,10.19,345.0,1,Postpaid,Chennai,441.93,326.65
1731,8.06,353.0,2,Prepaid,Chennai,258.33,343.3
1732,12.74,120.0,1,Postpaid,Mumbai,359.4,296.73
1733,14.11,348.0,1,Postpaid,Kolkata,424.43,358.84
1734,6.33,267.0,1,Prepaid,Delhi,117.06,278.14
1735,4.68,291.0,1,Prepaid,Kolkata,291.49,270.25
1736,3.44,523.0,0,Prepaid,Delhi,195.06,280.28
1737,11.7,199.0,1,Prepaid,Kolkata,282.63,306.08
1738,11.11,448.0,1,Postpaid,Mumbai,424.01,357.13
1739,24.78,317.0,0,Prepaid,Chennai,410.94,405.7
1740,9.69,316.0,1,Prepaid,Kolkata,285.96,316.13
1741,8.91,445.0,0,Prepaid,Delhi,249.88,306.78
1742,10.54,391.0,1,Postpaid,Chennai,375.78,339.77
1743,10.79,418.0,1,Postpaid,Delhi,450.83,347.83
1744,8.6,466.0,2,Prepaid,Mumbai,246.06,372.97
1745,6.43,310.0,0,Prepaid,Chennai,238.28,256.59
1746,9.46,277.0,2,Postpaid,Delhi,366.12,337.53
1747,9.29,220.0,0,Postpaid,Kolkata,387.41,259.42
1748,9.23,251.0,2,Prepaid,Mumbai,289.49,329.85
1749,13.33,704.0,0,Prepaid,Mumbai,372.2,400.36
1750,9.38,499.0,1,Prepaid,Mumbai,307.12,354.65
1751,4.74,188.0,2,Prepaid,Kolkata,164.42,279.63
1752,6.94,191.0,0,Prepaid,Kolkata,158.29,234.03
1753,8.55,408.0,0,Postpaid,Chennai,395.9,295.6
1754,9.58,416.0,1,Prepaid,Kolkata,295.51,337.66
1755,11.81,416.0,1,Postpaid,Chennai,473.92,355.59
1756,9.61,319.0,0,Prepaid,Mumbai,255.81,284.18
1757,3.14,335.0,0,Postpaid,Chennai,272.45,235.74
1758,5.02,389.0,0,Postpaid,Delhi,305.12,262.96
1759,12.17,360.0,1,Prepaid,Mumbai,302.48,345.93
1760,8.44,84.0,0,Prepaid,Mumbai,90.76,222.11
1761,9.99,322.0,0,Postpaid,Chennai,430.26,287.9
1762,7.95,248.0,0,Prepaid,Mumbai,229.87,254.92
1763,6.93,371.0,0,Prepaid,Kolkata,277.72,274.28
1764,8.09,708.0,1,Prepaid,Delhi,272.1,391.11
1765,10.04,394.0,0,Postpaid,Chennai,427.9,304.44
1766,9.35,312.0,0,Prepaid,Chennai,325.46,280.52
1767,14.07,461.0,1,Postpaid,Mumbai,400.92,383.84
1768,4.28,408.0,0,Prepaid,Kolkata,245.7,261.27
1769,4.59,400.0,1,Postpaid,Mumbai,365.76,293.95
1770,8.4,423.0,0,Prepaid,Mumbai,189.02,297.75
1771,11.87,597.0,0,Postpaid,Chennai,453.08,364.65
1772,13.01,214.0,1,Prepaid,Mumbai,309.22,319.97
1773,7.06,407.0,1,Postpaid,Delhi,362.83,315.38
1774,2.02,239.0,0,Postpaid,Mumbai,329.6,205.22
1775,7.17,417.0,0,Prepaid,Mumbai,173.09,286.52
1776,11.13,240.0,0,Prepaid,Chennai,176.25,278.7
1777,9.27,300.0,1,Prepaid,Mumbai,268.62,309.17
1778,12.07,315.0,0,Prepaid,Kolkata,259.58,303.06
1779,15.52,467.0,2,Postpaid,Chennai,467.9,428.83
1780,8.67,460.0,1,Prepaid,Mumbai,322.74,340.2
1781,7.55,201.0,0,Prepaid,Delhi,220.84,241.17
1782,6.01,357.0,0,Postpaid,Delhi,372.81,263.75
1783,4.57,265.0,0,Prepaid,Chennai,183.63,231.55
1784,3.95,199.0,0,Prepaid,Chennai,194.5,211.78
1785,6.73,324.0,0,Prepaid,Mumbai,199.81,262.14
1786,14.59,313.0,3,Postpaid,Kolkata,570.47,418.83
1787,12.58,641.0,0,Postpaid,Mumbai,415.34,380.21
1788,7.38,402.0,0,Postpaid,Delhi,442.65,284.85
1789,22.1,185.0,2,Prepaid,Kolkata,374.2,418.54
1790,6.95,282.0,0,Postpaid,Kolkata,275.98,254.5
1791,16.16,473.0,0,Prepaid,Kolkata,377.6,371.35
1792,17.84,601.0,0,Prepaid,Mumbai,366.96,413.54
1793,11.47,160.0,0,Prepaid,Delhi,256.8,263.5
1794,6.7,124.0,1,Prepaid,Chennai,256.35,249.07
1795,7.84,575.0,0,Prepaid,Mumbai,290.24,327.31
1796,10.15,397.0,0,Prepaid,Chennai,235.91,306.0
1797,4.64,246.0,1,Prepaid,Kolkata,254.35,259.84
1798,5.73,414.0,0,Prepaid,Kolkata,227.67,274.27
1799,5.5,50.0,0,Postpaid,Mumbai,300.43,190.85
1800,11.85,350.0,0,Prepaid,Delhi,177.65,309.13
1801,15.45,389.0,0,Postpaid,Kolkata,438.28,346.82
1802,12.8,461.0,1,Prepaid,Chennai,298.06,373.63
1803,14.33,228.0,0,Postpaid,Chennai,445.37,301.74
1804,6.43,360.0,1,Prepaid,Mumbai,277.36,299.78
1805,8.01,239.0,2,Prepaid,Chennai,280.47,317.35
1806,8.29,381.0,1,Prepaid,Delhi,290.97,319.44
1807,11.44,243.0,1,Postpaid,Kolkata,349.18,313.84
1808,6.82,301.0,2,Postpaid,Chennai,458.69,321.68
1809,13.94,231.0,0,Prepaid,Chennai,336.37,299.27
1810,17.62,428.0,2,Prepaid,Kolkata,401.28,436.98
1811,11.7,453.0,1,Postpaid,Mumbai,496.82,362.99
1812,7.84,322.0,0,Postpaid,Chennai,323.35,270.62
1813,6.16,355.0,0,Prepaid,Mumbai,187.4,264.5
1814,5.51,176.0,0,Prepaid,Mumbai,179.92,219.17
1815,3.15,314.0,1,Prepaid,Chennai,234.4,263.1
1816,8.41,344.0,1,Postpaid,Delhi,369.32,312.12
1817,8.19,664.0,0,Prepaid,Mumbai,318.83,350.07
1818,13.57,217.0,0,Postpaid,Chennai,383.22,293.16
1819,7.03,526.0,0,Prepaid,Mumbai,220.51,309.82
1820,8.63,470.0,0,Prepaid,Kolkata,282.79,310.14
1821,10.61,384.0,0,Prepaid,Delhi,295.22,306.78
1822,11.62,561.0,1,Postpaid,Delhi,461.02,386.55
1823,12.88,395.0,0,Postpaid,Kolkata,447.15,327.5
1824,10.14,397.0,0,Prepaid,Kolkata,210.82,305.92
1825,4.78,344.0,2,Postpaid,Mumbai,404.76,314.91
1826,11.17,497.0,0,Prepaid,Kolkata,240.95,336.61
1827,6.79,482.0,0,Prepaid,Delhi,205.16,298.03
1828,15.77,275.0,1,Prepaid,Kolkata,284.92,355.83
1829,9.43,192.0,0,Prepaid,Chennai,175.16,254.27
1830,10.41,326.0,0,Prepaid,Chennai,225.56,292.18
1831,25.69,254.0,0,Postpaid,Mumbai,466.75,398.9
1832,12.98,342.0,0,Prepaid,Delhi,304.73,316.43
1833,11.08,498.0,1,Postpaid,Chennai,424.39,368.09
1834,8.75,295.0,1,Prepaid,Kolkata,194.57,303.87
1835,4.98,345.0,0,Postpaid,Chennai,373.44,252.78
1836,8.46,357.0,1,Prepaid,Chennai,234.6,315.43
1837,6.12,452.0,1,Prepaid,Mumbai,266.01,317.91
1838,18.57,80.0,0,Prepaid,Kolkata,281.42,302.66
1839,11.14,277.0,1,Prepaid,Kolkata,281.5,319.05
1840,15.52,375.0,1,Postpaid,Kolkata,491.93,376.23
1841,6.94,494.0,1,Prepaid,Mumbai,302.48,333.91
1842,6.34,291.0,0,Postpaid,Kolkata,293.47,251.61
1843,12.42,125.0,3,Prepaid,Kolkata,400.5,359.25
1844,6.0,424.0,1,Prepaid,Chennai,269.57,310.67
1845,7.57,274.0,0,Prepaid,Chennai,208.47,257.69
1846,18.96,207.0,0,Postpaid,Kolkata,450.64,334.26
1847,7.71,275.0,0,Postpaid,Delhi,345.66,259.04
1848,4.45,328.0,0,Prepaid,Delhi,216.17,244.71
1849,3.61,277.0,0,Prepaid,Kolkata,282.97,226.52
1850,4.17,85.0,0,Prepaid,Delhi,138.36,188.0
1851,15.92,458.0,1,Postpaid,Mumbai,455.25,398.05
1852,7.15,503.0,0,Postpaid,Chennai,381.46,305.63
1853,25.32,428.0,0,Prepaid,Mumbai,430.02,434.92
1854,17.71,213.0,2,Prepaid,Chennai,283.02,389.52
1855,20.96,326.0,0,Prepaid,Delhi,253.26,377.0
1856,14.49,349.0,0,Postpaid,Delhi,381.24,330.14
1857,12.13,422.0,0,Prepaid,Kolkata,215.08,327.52
1858,6.23,430.0,0,Postpaid,Delhi,337.85,281.87
1859,9.32,262.0,0,Prepaid,Delhi,246.06,269.07
1860,12.68,360.0,0,Postpaid,Kolkata,356.81,318.05
1861,14.1,405.0,0,Postpaid,Kolkata,355.73,339.55
1862,5.22,525.0,2,Postpaid,Chennai,428.53,359.01
1863,8.52,435.0,0,Postpaid,Delhi,408.66,301.41
1864,8.98,445.0,0,Postpaid,Chennai,312.04,307.35
1865,8.82,360.0,0,Prepaid,Chennai,274.37,287.01
1866,5.57,519.0,1,Prepaid,Mumbai,310.05,328.5
1867,19.85,399.0,1,Prepaid,Delhi,405.76,416.42
1868,8.39,247.0,1,Postpaid,Delhi,414.26,290.22
1869,5.77,518.0,1,Prepaid,Mumbai,366.84,329.88
1870,20.07,434.0,1,Postpaid,Chennai,482.12,426.03
1871,17.71,297.0,0,Postpaid,Delhi,424.46,344.37
1872,9.96,292.0,3,Prepaid,Chennai,310.42,376.9
1873,3.59,386.0,1,Prepaid,Mumbai,235.0,282.77
1874,7.46,406.0,0,Prepaid,Kolkata,301.19,286.39
1875,4.0,374.0,0,Prepaid,Chennai,152.0,251.4
1876,11.73,387.0,1,Prepaid,Delhi,265.8,348.45
1877,7.22,554.0,0,Prepaid,Kolkata,322.65,317.62
1878,9.21,479.0,1,Postpaid,Chennai,459.28,348.8
1879,19.28,373.0,0,Postpaid,Chennai,433.31,374.03
1880,6.97,463.0,0,Prepaid,Kolkata,281.54,295.22
1881,11.51,226.0,0,Prepaid,Kolkata,249.93,278.61
1882,13.05,398.0,0,Prepaid,Kolkata,343.01,329.54
1883,15.7,567.0,0,Postpaid,Delhi,460.98,388.72
1884,8.91,324.0,1,Postpaid,Delhi,426.11,311.65
1885,8.48,248.0,1,Prepaid,Chennai,352.12,291.17
1886,8.39,272.0,1,Prepaid,Chennai,274.44,295.82
1887,11.01,219.0,0,Postpaid,Mumbai,352.85,273.02
1888,17.38,256.0,1,Postpaid,Delhi,468.14,364.52
1889,8.21,306.0,0,Prepaid,Chennai,211.27,270.01
1890,2.29,181.0,1,Postpaid,Kolkata,399.04,226.38
1891,13.7,352.0,1,Prepaid,Kolkata,316.2,356.44
1892,9.63,458.0,1,Prepaid,Delhi,286.72,347.47
1893,11.74,241.0,0,Postpaid,Kolkata,327.69,283.82
1894,4.08,532.0,1,Postpaid,Mumbai,431.93,319.43
1895,7.23,411.0,0,Prepaid,Chennai,273.73,285.66
1896,13.2,474.0,0,Postpaid,Chennai,399.51,347.78
1897,4.9,271.0,0,Prepaid,Chennai,215.46,235.55
1898,11.5,453.0,0,Postpaid,Delhi,341.26,329.4
1899,9.18,219.0,0,Prepaid,Kolkata,223.64,258.31
1900,6.51,457.0,1,Postpaid,Mumbai,410.59,322.16
1901,6.25,371.0,0,Postpaid,Delhi,411.49,268.81
1902,5.6,416.0,0,Prepaid,Chennai,196.17,273.67
1903,9.6,209.0,0,Postpaid,Mumbai,286.47,259.45
1904,10.12,243.0,1,Postpaid,Chennai,342.74,303.23
1905,7.84,422.0,1,Postpaid,Chennai,342.66,325.01
1906,5.43,236.0,1,Prepaid,Delhi,273.11,263.95
1907,11.35,406.0,1,Postpaid,Chennai,482.95,349.65
1908,13.81,186.0,0,Postpaid,Mumbai,379.49,288.14
1909,12.27,452.0,0,Prepaid,Chennai,336.41,335.37
1910,21.34,202.0,0,Postpaid,Kolkata,435.48,352.27
1911,8.57,416.0,1,Prepaid,Chennai,276.96,329.54
1912,16.62,425.0,0,Prepaid,Delhi,303.64,364.29
1913,6.81,266.0,1,Prepaid,Mumbai,224.26,281.77
1914,6.29,420.0,2,Prepaid,Delhi,231.41,344.09
1915,9.87,381.0,1,Postpaid,Kolkata,414.73,332.15
1916,18.26,285.0,0,Prepaid,Chennai,300.47,346.11
1917,8.13,229.0,0,Postpaid,Delhi,359.65,252.11
1918,4.08,114.0,0,Prepaid,Delhi,158.18,193.77
1919,13.69,392.0,2,Prepaid,Delhi,340.41,397.31
1920,9.0,162.0,0,Prepaid,Delhi,168.55,244.09
1921,10.68,361.0,1,Prepaid,Kolkata,289.53,334.18
1922,6.45,318.0,0,Postpaid,Kolkata,363.73,258.55
1923,9.83,431.0,0,Postpaid,Chennai,338.11,311.04
1924,4.4,314.0,1,Postpaid,Chennai,350.5,273.15
1925,19.99,310.0,2,Prepaid,Mumbai,390.24,429.59
1926,14.82,438.0,0,Prepaid,Kolkata,276.44,352.73
1927,9.63,390.0,1,Prepaid,Delhi,260.53,332.23
1928,13.52,388.0,2,Prepaid,Delhi,353.98,395.05
1929,6.82,406.0,2,Prepaid,Mumbai,249.42,345.21
1930,14.53,166.0,0,Postpaid,Delhi,382.44,289.45
1931,7.96,441.0,0,Prepaid,Mumbai,215.07,298.25
1932,7.7,423.0,0,Postpaid,Chennai,407.71,292.13
1933,5.79,228.0,1,Prepaid,Kolkata,314.43,265.06
1934,11.29,321.0,1,Prepaid,Mumbai,249.09,330.12
1935,9.44,345.0,1,Postpaid,Delhi,414.89,320.62
1936,16.86,334.0,1,Prepaid,Mumbai,301.61,377.82
1937,5.45,390.0,0,Postpaid,Chennai,382.24,266.64
1938,11.31,522.0,0,Postpaid,Delhi,363.27,343.34
1939,15.46,480.0,1,Prepaid,Chennai,367.9,399.28
1940,25.59,193.0,0,Postpaid,Chennai,427.4,384.43
1941,10.2,425.0,3,Prepaid,Mumbai,347.32,408.63
1942,7.89,509.0,0,Prepaid,Chennai,222.68,312.93
1943,10.08,396.0,1,Postpaid,Delhi,441.73,337.2
1944,16.26,481.0,1,Prepaid,Chennai,321.8,405.93
1945,16.26,591.0,0,Postpaid,Chennai,489.36,398.6
1946,8.83,473.0,0,Postpaid,Mumbai,370.48,312.42
1947,16.13,380.0,0,Postpaid,Chennai,419.46,350.27
1948,9.23,475.0,0,Prepaid,Kolkata,273.75,316.08
1949,13.46,367.0,0,Prepaid,Mumbai,249.61,325.89
1950,11.9,353.0,1,Postpaid,Mumbai,423.21,342.19
1951,7.74,308.0,2,Prepaid,Delhi,343.73,330.65
1952,5.89,538.0,0,Prepaid,Delhi,222.6,303.34
1953,15.64,252.0,1,Prepaid,Delhi,351.39,349.63
1954,17.57,534.0,3,Prepaid,Delhi,496.28,492.31
1955,11.19,410.0,0,Prepaid,Kolkata,237.87,317.27
1956,9.23,182.0,1,Postpaid,Mumbai,301.04,282.41
1957,5.11,394.0,1,Postpaid,Chennai,380.76,296.79
1958,15.46,98.0,0,Prepaid,Delhi,220.38,281.69
1959,10.61,425.0,1,Prepaid,Delhi,373.62,347.96
1960,8.26,456.0,0,Prepaid,Delhi,257.67,304.02
1961,13.63,279.0,0,Postpaid,Chennai,351.75,307.54
1962,4.64,365.0,1,Prepaid,Delhi,193.23,286.51
1963,5.64,584.0,1,Postpaid,Chennai,454.52,343.63
1964,6.7,289.0,2,Prepaid,Mumbai,247.55,318.03
1965,11.73,223.0,0,Postpaid,Mumbai,359.19,279.71
1966,10.13,528.0,0,Prepaid,Mumbai,323.87,335.19
1967,12.35,586.0,1,Postpaid,Kolkata,445.63,398.03
1968,15.0,350.0,1,Prepaid,Chennai,317.16,366.45
1969,12.55,471.0,0,Postpaid,Delhi,412.94,341.88
1970,20.18,511.0,0,Prepaid,Delhi,389.97,412.19
1971,14.98,261.0,0,Postpaid,Delhi,414.67,314.36
1972,8.82,292.0,1,Postpaid,Delhi,369.16,303.76
1973,7.21,498.0,1,Prepaid,Kolkata,288.83,336.98
1974,8.95,552.0,3,Postpaid,Delhi,476.13,427.04
1975,12.75,418.0,0,Prepaid,Kolkata,225.5,331.61
1976,7.58,244.0,0,Prepaid,Chennai,218.74,251.05
1977,12.9,588.0,1,Prepaid,Mumbai,425.49,402.9
1978,12.25,286.0,0,Prepaid,Delhi,218.85,298.01
1979,5.85,310.0,0,Postpaid,Mumbai,296.88,251.93
1980,14.86,391.0,1,Postpaid,Chennai,411.25,374.51
1981,11.01,536.0,0,Prepaid,Chennai,323.26,344.06
1982,19.74,452.0,0,Prepaid,Delhi,365.26,395.43
1983,9.25,400.0,2,Postpaid,Chennai,426.66,363.4
1984,8.08,406.0,2,Postpaid,Mumbai,388.12,355.34
1985,5.48,355.0,0,Prepaid,Delhi,217.54,259.04
1986,5.44,417.0,1,Postpaid,Kolkata,313.34,304.59
1987,14.07,50.0,1,Prepaid,Delhi,257.3,291.74
1988,18.85,314.0,0,Prepaid,Mumbai,347.46,357.35
1989,8.89,379.0,0,Postpaid,Delhi,315.87,291.83
1990,8.62,212.0,0,Prepaid,Delhi,149.06,252.24
1991,9.64,396.0,0,Prepaid,Mumbai,318.5,301.67
1992,15.31,325.0,1,Prepaid,Delhi,292.01,363.34
1993,5.87,561.0,0,Postpaid,Delhi,423.6,308.34
1994,10.4,539.0,0,Postpaid,Mumbai,403.84,339.83
1995,14.21,294.0,1,Prepaid,Chennai,295.0,347.55
1996,11.67,332.0,0,Prepaid,Mumbai,276.3,303.65
1997,1.85,341.0,1,Prepaid,Delhi,176.64,258.7
1998,12.58,296.0,2,Prepaid,Kolkata,324.14,366.87
1999,11.72,373.0,0,Prepaid,Kolkata,252.1,313.24
2000,16.62,259.0,1,Postpaid,Mumbai,380.94,359.08
